{"cameraMode":{"drawMode":0,"name":"Shaded","section":"Shading Mode"},"sceneLighting":true,"audioPlay":false,"sceneViewState":{"m_AlwaysRefresh":false,"showFog":true,"showSkybox":true,"showFlares":true,"showImageEffects":true,"showParticleSystems":true,"showVisualEffectGraphs":true,"m_FxEnabled":true},"in2DMode":false,"pivot":{"x":-2.2753665447235109,"y":2.0899994373321535,"z":-3.3206279277801515},"rotation":{"x":-0.3804483413696289,"y":0.0008833943284116685,"z":-0.00024357083020731807,"w":-0.924724280834198},"size":17.721960067749025,"orthographic":false}