{"cameraMode":{"drawMode":0,"name":"Shaded","section":"Shading Mode"},"sceneLighting":true,"audioPlay":false,"sceneViewState":{"m_AlwaysRefresh":false,"showFog":true,"showSkybox":true,"showFlares":true,"showImageEffects":true,"showParticleSystems":true,"showVisualEffectGraphs":true,"m_FxEnabled":true},"in2DMode":false,"pivot":{"x":-18.642675399780275,"y":-12.027061462402344,"z":25.345041275024415},"rotation":{"x":-0.32082560658454897,"y":0.06051665171980858,"z":-0.02039402723312378,"w":-0.9449023008346558},"size":14.740943908691407,"orthographic":false}